{"cameraMode":{"drawMode":0,"name":"Shaded","section":"Shading Mode"},"sceneLighting":false,"audioPlay":false,"sceneViewState":{"m_AlwaysRefresh":false,"showFog":true,"showSkybox":false,"showFlares":true,"showImageEffects":true,"showParticleSystems":true,"showVisualEffectGraphs":true,"m_FxEnabled":true},"in2DMode":false,"pivot":{"x":0.2305000126361847,"y":0.08349999785423279,"z":-0.027584999799728395},"rotation":{"x":0.03149354085326195,"y":0.008995876647531987,"z":-0.0002829332079272717,"w":0.9994630813598633},"size":0.13747180998325349,"orthographic":true}